{"entry": "run", "args": ["--datapath", "resources://OpenSubtitles_small", "--wvpath", "resources://Glove50d_small", "--epoch", "1", "--batch_per_epoch", "10", "--mode", "test"], "cotk_record_information": {"cotk_version": "0.0.1.dev20190718", "dataloader": {"OpenSubtitles": {"file_id": "resources://OpenSubtitles_small", "min_vocab_times": 10, "max_sent_length": 50, "invalid_vocab_times": 0, "id": 0}}, "standard_metric": {"SingleTurnDialog_teacher_forcing": {"gen_log_prob_key": "gen_log_prob", "invalid_vocab": false, "dataloader_id": 0}, "SingleTurnDialog_inference": {"gen_key": "gen", "dataloader_id": 0}}, "wordvec": {}}, "working_dir": ""}